"","X","Gene","List_Name","Cluster","group"
"1","CD14.1","TYMP","ASNN_vs_ASNP","CD14","HIV+AS-"
"2","CD14.2","TMSB10","ASNN_vs_ASNP","CD14","HIV+AS-"
"3","CD14.3","IFI44L","ASNN_vs_ASNP","CD14","HIV+AS-"
"4","CD14.4","IFITM3","ASNN_vs_ASNP","CD14","HIV+AS-"
"5","CD14.5","IFI6","ASNN_vs_ASNP","CD14","HIV+AS-"
"6","CD14.6","LY6E","ASNN_vs_ASNP","CD14","HIV+AS-"
"7","CD14.7","EPSTI1","ASNN_vs_ASNP","CD14","HIV+AS-"
"8","CD14.8","STAT1","ASNN_vs_ASNP","CD14","HIV+AS-"
"9","CD14.9","ISG15","ASNN_vs_ASNP","CD14","HIV+AS-"
"10","CD14.10","LYN","ASNN_vs_ASNP","CD14","HIV+AS-"
"11","CD14.11","AIF1","ASNN_vs_ASNP","CD14","HIV+AS-"
"12","CD14.12","XAF1","ASNN_vs_ASNP","CD14","HIV+AS-"
"13","CD14.13","PARP14","ASNN_vs_ASNP","CD14","HIV+AS-"
"14","CD14.14","LAP3","ASNN_vs_ASNP","CD14","HIV+AS-"
"15","CD14.15","TNFSF10","ASNN_vs_ASNP","CD14","HIV+AS-"
"16","CD14.16","IFIT3","ASNN_vs_ASNP","CD14","HIV+AS-"
"18","CD14.18","MX1","ASNN_vs_ASNP","CD14","HIV+AS-"
"19","CD14.19","IFIT2","ASNN_vs_ASNP","CD14","HIV+AS-"
"20","CD14.20","APOBEC3A","ASNN_vs_ASNP","CD14","HIV+AS-"
"21","CD14.21","WARS","ASNN_vs_ASNP","CD14","HIV+AS-"
"22","CD14.22","S100A6","ASNN_vs_ASNP","CD14","HIV+AS-"
"23","CD14.23","IFIT1","ASNN_vs_ASNP","CD14","HIV+AS-"
"24","CD14.24","JAK2","ASNN_vs_ASNP","CD14","HIV+AS-"
"25","CD14.25","CD83","ASNN_vs_ASNP","CD14","HIV+AS-"
"26","CD14.26","RSAD2","ASNN_vs_ASNP","CD14","HIV+AS-"
"27","CD14.27","IFI44","ASNN_vs_ASNP","CD14","HIV+AS-"
"29","CD14.30","RNF213","ASNN_vs_ASNP","CD14","HIV+AS-"
"30","CD14.31","MX2","ASNN_vs_ASNP","CD14","HIV+AS-"
"31","CD14.32","PLAC8","ASNN_vs_ASNP","CD14","HIV+AS-"
"32","CD14.33","S100A8","ASNN_vs_ASNP","CD14","HIV+AS-"
"33","CD14.34","S100A4","ASNN_vs_ASNP","CD14","HIV+AS-"
"34","CD14.36","TYROBP","ASNN_vs_ASNP","CD14","HIV+AS-"
"35","CD14.37","DDX60L","ASNN_vs_ASNP","CD14","HIV+AS-"
"36","CD14.39","GBP1","ASNN_vs_ASNP","CD14","HIV+AS-"
"37","CD14.40","S100A11","ASNN_vs_ASNP","CD14","HIV+AS-"
"39","CD14.42","RETN","ASNN_vs_ASNP","CD14","HIV+AS-"
"40","CD14.43","HERC5","ASNN_vs_ASNP","CD14","HIV+AS-"
"41","CD14.44","IFIH1","ASNN_vs_ASNP","CD14","HIV+AS-"
"42","CD14.45","IFI30","ASNN_vs_ASNP","CD14","HIV+AS-"
"46","CD14.49","SAMD9L","ASNN_vs_ASNP","CD14","HIV+AS-"
"48","CD14.51","OAS1","ASNN_vs_ASNP","CD14","HIV+AS-"
"52","CD14.55","HDAC9","ASNN_vs_ASNP","CD14","HIV+AS-"
"53","CD14.56","IFITM2","ASNN_vs_ASNP","CD14","HIV+AS-"
"55","CD14.58","CST3","ASNN_vs_ASNP","CD14","HIV+AS-"
"56","CD14.59","LYZ","ASNN_vs_ASNP","CD14","HIV+AS-"
"58","CD14.62","SPI1","ASNN_vs_ASNP","CD14","HIV+AS-"
"60","CD14.64","ISG20","ASNN_vs_ASNP","CD14","HIV+AS-"
"61","CD14.65","C9orf72","ASNN_vs_ASNP","CD14","HIV+AS-"
"62","CD14.66","SP110","ASNN_vs_ASNP","CD14","HIV+AS-"
"63","CD14.67","DENND1A","ASNN_vs_ASNP","CD14","HIV+AS-"
"68","CD14.72","SAMD4A","ASNN_vs_ASNP","CD14","HIV+AS-"
"72","CD14.76","TCF7L2","ASNN_vs_ASNP","CD14","HIV+AS-"
"73","CD14.77","SLC8A1","ASNN_vs_ASNP","CD14","HIV+AS-"
"74","CD14.78","LST1","ASNN_vs_ASNP","CD14","HIV+AS-"
"81","CD14.87","FCAR","ASNN_vs_ASNP","CD14","HIV+AS-"
"82","CD14.88","DDX58","ASNN_vs_ASNP","CD14","HIV+AS-"
"84","CD14.90","ADGRE5","ASNN_vs_ASNP","CD14","HIV+AS-"
"85","CD14.92","MNDA","ASNN_vs_ASNP","CD14","HIV+AS-"
"87","CD14.96","ZEB2","ASNN_vs_ASNP","CD14","HIV+AS-"
"88","CD14.97","OAS3","ASNN_vs_ASNP","CD14","HIV+AS-"
"93","CD14.103","PSMB9","ASNN_vs_ASNP","CD14","HIV+AS-"
"95","CD14.105","LGALS2","ASNN_vs_ASNP","CD14","HIV+AS-"
"97","CD14.107","CROCC","ASNN_vs_ASNP","CD14","HIV+AS-"
"99","CD14.109","S100A9","ASNN_vs_ASNP","CD14","HIV+AS-"
"100","CD14.110","IFITM1","ASNN_vs_ASNP","CD14","HIV+AS-"
"102","CD14.112","TNFSF13B","ASNN_vs_ASNP","CD14","HIV+AS-"
"104","CD14.114","GBP5","ASNN_vs_ASNP","CD14","HIV+AS-"
"109","CD14.119","STXBP2","ASNN_vs_ASNP","CD14","HIV+AS-"
"110","CD14.120","CLEC7A","ASNN_vs_ASNP","CD14","HIV+AS-"
"112","CD14.122","CXCL10","ASNN_vs_ASNP","CD14","HIV+AS-"
"115","CD14.125","CCNL1","ASNN_vs_ASNP","CD14","HIV+AS-"
"117","CD14.127","BACH1","ASNN_vs_ASNP","CD14","HIV+AS-"
"120","CD14.131","RAB11FIP1","ASNN_vs_ASNP","CD14","HIV+AS-"
"121","CD14.132","FTL","ASNN_vs_ASNP","CD14","HIV+AS-"
"123","CD14.135","TMSB4X","ASNN_vs_ASNP","CD14","HIV+AS-"
"127","CD14.139","OASL","ASNN_vs_ASNP","CD14","HIV+AS-"
"128","CD14.140","MAP3K1","ASNN_vs_ASNP","CD14","HIV+AS-"
"132","CD14.144","RBM47","ASNN_vs_ASNP","CD14","HIV+AS-"
"141","CD14.157","PLSCR1","ASNN_vs_ASNP","CD14","HIV+AS-"
"151","CD14.170","RGS2","ASNN_vs_ASNP","CD14","HIV+AS-"
"152","CD14.171","CXCL8","ASNN_vs_ASNP","CD14","HIV+AS-"
"170","CD14.195","OAZ1","ASNN_vs_ASNP","CD14","HIV+AS-"
"174","CD14.201","EGR1","ASNN_vs_ASNP","CD14","HIV+AS-"
"183","CD14.212","AP1S2","ASNN_vs_ASNP","CD14","HIV+AS-"
"191","CD14.222","CD36","ASNN_vs_ASNP","CD14","HIV+AS-"
"197","CD14.229","MYL6","ASNN_vs_ASNP","CD14","HIV+AS-"
"201","CD14.233","H3F3B","ASNN_vs_ASNP","CD14","HIV+AS-"
"202","CD14.235","HES4","ASNN_vs_ASNP","CD14","HIV+AS-"
"204","CD14.237","ABHD5","ASNN_vs_ASNP","CD14","HIV+AS-"
"207","CD14.240","TEX14","ASNN_vs_ASNP","CD14","HIV+AS-"
"211","CD14.246","ADK","ASNN_vs_ASNP","CD14","HIV+AS-"
"224","CD14.267","CLIC1","ASNN_vs_ASNP","CD14","HIV+AS-"
"225","CD14.268","CD14","ASNN_vs_ASNP","CD14","HIV+AS-"
"229","CD14.275","NAMPT","ASNN_vs_ASNP","CD14","HIV+AS-"
"239","CD14.293","LGALS1","ASNN_vs_ASNP","CD14","HIV+AS-"
"242","CD14.297","FOS","ASNN_vs_ASNP","CD14","HIV+AS-"
"243","CD14.299","CSTB","ASNN_vs_ASNP","CD14","HIV+AS-"
"245","CD14.303","CASP1","ASNN_vs_ASNP","CD14","HIV+AS-"
"253","CD14.315","PFN1","ASNN_vs_ASNP","CD14","HIV+AS-"
"259","CD14.322","AOAH","ASNN_vs_ASNP","CD14","HIV+AS-"
"270","CD14.341","FCN1","ASNN_vs_ASNP","CD14","HIV+AS-"
"278","CD14.350","FCGR3A","ASNN_vs_ASNP","CD14","HIV+AS-"
"286","CD14.360","C3AR1","ASNN_vs_ASNP","CD14","HIV+AS-"
"292","CD14.372","CALHM6","ASNN_vs_ASNP","CD14","HIV+AS-"
"297","CD14.378","TREM1","ASNN_vs_ASNP","CD14","HIV+AS-"
"302","CD14.391","CD74","ASNN_vs_ASNP","CD14","HIV+AS-"
"337","CD14.459","MS4A4A","ASNN_vs_ASNP","CD14","HIV+AS-"
"343","CD14.471","NR4A1","ASNN_vs_ASNP","CD14","HIV+AS-"
"347","CD14.480","TNFAIP2","ASNN_vs_ASNP","CD14","HIV+AS-"
"352","CD14.487","TMTC1","ASNN_vs_ASNP","CD14","HIV+AS-"
"353","CD14.492","SAMHD1","ASNN_vs_ASNP","CD14","HIV+AS-"
"356","CD14.497","LRMDA","ASNN_vs_ASNP","CD14","HIV+AS-"
"361","CD14.508","CCDC200","ASNN_vs_ASNP","CD14","HIV+AS-"
"378","CD14.544","CTSL","ASNN_vs_ASNP","CD14","HIV+AS-"
"402","CD14.596","RRAS","ASNN_vs_ASNP","CD14","HIV+AS-"
"417","CD14.633","TMSB10","ASNN_vs_ASPN","CD14","HIV-AS+"
"418","CD14.634","CCDC200","ASNN_vs_ASPN","CD14","HIV-AS+"
"419","CD14.635","C9orf72","ASNN_vs_ASPN","CD14","HIV-AS+"
"420","CD14.637","RGS2","ASNN_vs_ASPN","CD14","HIV-AS+"
"423","CD14.640","CLEC7A","ASNN_vs_ASPN","CD14","HIV-AS+"
"425","CD14.642","CD83","ASNN_vs_ASPN","CD14","HIV-AS+"
"426","CD14.643","EGR1","ASNN_vs_ASPN","CD14","HIV-AS+"
"427","CD14.644","FOS","ASNN_vs_ASPN","CD14","HIV-AS+"
"428","CD14.645","HDAC9","ASNN_vs_ASPN","CD14","HIV-AS+"
"431","CD14.648","TEX14","ASNN_vs_ASPN","CD14","HIV-AS+"
"435","CD14.653","MAP3K1","ASNN_vs_ASPN","CD14","HIV-AS+"
"436","CD14.656","CST3","ASNN_vs_ASPN","CD14","HIV-AS+"
"437","CD14.657","CD86","ASNN_vs_ASPN","CD14","HIV-AS+"
"438","CD14.659","MYO1F","ASNN_vs_ASPN","CD14","HIV-AS+"
"439","CD14.660","CD74","ASNN_vs_ASPN","CD14","HIV-AS+"
"442","CD14.663","RETN","ASNN_vs_ASPN","CD14","HIV-AS+"
"443","CD14.664","S100A4","ASNN_vs_ASPN","CD14","HIV-AS+"
"445","CD14.666","ADGRE5","ASNN_vs_ASPN","CD14","HIV-AS+"
"447","CD14.668","TYMP","ASNN_vs_ASPN","CD14","HIV-AS+"
"448","CD14.669","LYN","ASNN_vs_ASPN","CD14","HIV-AS+"
"449","CD14.670","LST1","ASNN_vs_ASPN","CD14","HIV-AS+"
"451","CD14.672","ABHD5","ASNN_vs_ASPN","CD14","HIV-AS+"
"453","CD14.674","FCAR","ASNN_vs_ASPN","CD14","HIV-AS+"
"456","CD14.678","SPI1","ASNN_vs_ASPN","CD14","HIV-AS+"
"458","CD14.680","AIF1","ASNN_vs_ASPN","CD14","HIV-AS+"
"460","CD14.682","IFI30","ASNN_vs_ASPN","CD14","HIV-AS+"
"461","CD14.683","S100A6","ASNN_vs_ASPN","CD14","HIV-AS+"
"465","CD14.689","SULF2","ASNN_vs_ASPN","CD14","HIV-AS+"
"466","CD14.690","NAMPT","ASNN_vs_ASPN","CD14","HIV-AS+"
"468","CD14.692","CD36","ASNN_vs_ASPN","CD14","HIV-AS+"
"470","CD14.694","RAB11FIP1","ASNN_vs_ASPN","CD14","HIV-AS+"
"472","CD14.697","MYL6","ASNN_vs_ASPN","CD14","HIV-AS+"
"473","CD14.698","WARS","ASNN_vs_ASPN","CD14","HIV-AS+"
"474","CD14.699","CCNL1","ASNN_vs_ASPN","CD14","HIV-AS+"
"480","CD14.709","DENND1A","ASNN_vs_ASPN","CD14","HIV-AS+"
"482","CD14.712","TCF7L2","ASNN_vs_ASPN","CD14","HIV-AS+"
"483","CD14.715","TYROBP","ASNN_vs_ASPN","CD14","HIV-AS+"
"484","CD14.718","TMSB4X","ASNN_vs_ASPN","CD14","HIV-AS+"
"487","CD14.722","CROCC","ASNN_vs_ASPN","CD14","HIV-AS+"
"489","CD14.724","PFN1","ASNN_vs_ASPN","CD14","HIV-AS+"
"498","CD14.738","LSP1","ASNN_vs_ASPN","CD14","HIV-AS+"
"499","CD14.740","SAMHD1","ASNN_vs_ASPN","CD14","HIV-AS+"
"503","CD14.745","TNFAIP2","ASNN_vs_ASPN","CD14","HIV-AS+"
"505","CD14.747","S100A11","ASNN_vs_ASPN","CD14","HIV-AS+"
"507","CD14.749","AOAH","ASNN_vs_ASPN","CD14","HIV-AS+"
"515","CD14.757","CALM2","ASNN_vs_ASPN","CD14","HIV-AS+"
"517","CD14.760","NR4A1","ASNN_vs_ASPN","CD14","HIV-AS+"
"519","CD14.762","ID2","ASNN_vs_ASPN","CD14","HIV-AS+"
"520","CD14.764","JAK2","ASNN_vs_ASPN","CD14","HIV-AS+"
"526","CD14.771","COTL1","ASNN_vs_ASPN","CD14","HIV-AS+"
"531","CD14.778","STAT1","ASNN_vs_ASPN","CD14","HIV-AS+"
"533","CD14.780","LGALS2","ASNN_vs_ASPN","CD14","HIV-AS+"
"561","CD14.831","NAP1L1","ASNN_vs_ASPN","CD14","HIV-AS+"
"575","CD14.859","PLAC8","ASNN_vs_ASPN","CD14","HIV-AS+"
"576","CD14.865","TMTC1","ASNN_vs_ASPN","CD14","HIV-AS+"
"577","CD14.866","AMD1","ASNN_vs_ASPN","CD14","HIV-AS+"
"581","CD14.879","ADK","ASNN_vs_ASPN","CD14","HIV-AS+"
"584","CD14.885","PSMB9","ASNN_vs_ASPN","CD14","HIV-AS+"
"585","CD14.889","SLC8A1","ASNN_vs_ASPN","CD14","HIV-AS+"
"587","CD14.892","ZEB2","ASNN_vs_ASPN","CD14","HIV-AS+"
"608","CD14.930","RBM47","ASNN_vs_ASPN","CD14","HIV-AS+"
"610","CD14.933","SMIM25","ASNN_vs_ASPN","CD14","HIV-AS+"
"613","CD14.938","STXBP2","ASNN_vs_ASPN","CD14","HIV-AS+"
"623","CD14.962","LAP3","ASNN_vs_ASPN","CD14","HIV-AS+"
"628","CD14.967","RILPL2","ASNN_vs_ASPN","CD14","HIV-AS+"
"629","CD14.968","TMSB10","ASNN_vs_ASPP","CD14","HIV+AS+"
"630","CD14.969","TYMP","ASNN_vs_ASPP","CD14","HIV+AS+"
"632","CD14.971","GBP5","ASNN_vs_ASPP","CD14","HIV+AS+"
"633","CD14.972","WARS","ASNN_vs_ASPP","CD14","HIV+AS+"
"634","CD14.973","GBP1","ASNN_vs_ASPP","CD14","HIV+AS+"
"637","CD14.977","STAT1","ASNN_vs_ASPP","CD14","HIV+AS+"
"638","CD14.978","LAP3","ASNN_vs_ASPP","CD14","HIV+AS+"
"639","CD14.979","AIF1","ASNN_vs_ASPP","CD14","HIV+AS+"
"640","CD14.980","TMSB4X","ASNN_vs_ASPP","CD14","HIV+AS+"
"642","CD14.982","CCNL1","ASNN_vs_ASPP","CD14","HIV+AS+"
"644","CD14.985","PARP14","ASNN_vs_ASPP","CD14","HIV+AS+"
"645","CD14.986","IFITM3","ASNN_vs_ASPP","CD14","HIV+AS+"
"647","CD14.988","S100A6","ASNN_vs_ASPP","CD14","HIV+AS+"
"649","CD14.990","ITGB2","ASNN_vs_ASPP","CD14","HIV+AS+"
"650","CD14.991","DDX3Y","ASNN_vs_ASPP","CD14","HIV+AS+"
"651","CD14.992","TNFSF10","ASNN_vs_ASPP","CD14","HIV+AS+"
"652","CD14.993","RNF213","ASNN_vs_ASPP","CD14","HIV+AS+"
"653","CD14.994","S100A11","ASNN_vs_ASPP","CD14","HIV+AS+"
"656","CD14.997","S100A4","ASNN_vs_ASPP","CD14","HIV+AS+"
"658","CD14.999","CD83","ASNN_vs_ASPP","CD14","HIV+AS+"
"659","CD14.1000","S100A8","ASNN_vs_ASPP","CD14","HIV+AS+"
"661","CD14.1003","TYROBP","ASNN_vs_ASPP","CD14","HIV+AS+"
"662","CD14.1005","EPSTI1","ASNN_vs_ASPP","CD14","HIV+AS+"
"663","CD14.1006","JAK2","ASNN_vs_ASPP","CD14","HIV+AS+"
"666","CD14.1009","ISG15","ASNN_vs_ASPP","CD14","HIV+AS+"
"670","CD14.1013","FCN1","ASNN_vs_ASPP","CD14","HIV+AS+"
"672","CD14.1015","LY6E","ASNN_vs_ASPP","CD14","HIV+AS+"
"674","CD14.1017","PSMB9","ASNN_vs_ASPP","CD14","HIV+AS+"
"675","CD14.1018","CCDC200","ASNN_vs_ASPP","CD14","HIV+AS+"
"677","CD14.1020","IFI44L","ASNN_vs_ASPP","CD14","HIV+AS+"
"678","CD14.1021","MYL6","ASNN_vs_ASPP","CD14","HIV+AS+"
"680","CD14.1023","LST1","ASNN_vs_ASPP","CD14","HIV+AS+"
"681","CD14.1024","MNDA","ASNN_vs_ASPP","CD14","HIV+AS+"
"683","CD14.1026","IFI30","ASNN_vs_ASPP","CD14","HIV+AS+"
"686","CD14.1029","IFI6","ASNN_vs_ASPP","CD14","HIV+AS+"
"689","CD14.1034","SPI1","ASNN_vs_ASPP","CD14","HIV+AS+"
"690","CD14.1035","IFIT2","ASNN_vs_ASPP","CD14","HIV+AS+"
"691","CD14.1036","S100A9","ASNN_vs_ASPP","CD14","HIV+AS+"
"693","CD14.1038","MX1","ASNN_vs_ASPP","CD14","HIV+AS+"
"696","CD14.1042","APOBEC3A","ASNN_vs_ASPP","CD14","HIV+AS+"
"697","CD14.1043","LYZ","ASNN_vs_ASPP","CD14","HIV+AS+"
"702","CD14.1048","STXBP2","ASNN_vs_ASPP","CD14","HIV+AS+"
"703","CD14.1049","TNFSF13B","ASNN_vs_ASPP","CD14","HIV+AS+"
"715","CD14.1064","PFN1","ASNN_vs_ASPP","CD14","HIV+AS+"
"720","CD14.1069","OAZ1","ASNN_vs_ASPP","CD14","HIV+AS+"
"721","CD14.1070","LYN","ASNN_vs_ASPP","CD14","HIV+AS+"
"723","CD14.1073","IFIT3","ASNN_vs_ASPP","CD14","HIV+AS+"
"725","CD14.1076","C9orf72","ASNN_vs_ASPP","CD14","HIV+AS+"
"730","CD14.1082","TEX14","ASNN_vs_ASPP","CD14","HIV+AS+"
"731","CD14.1084","IFI44","ASNN_vs_ASPP","CD14","HIV+AS+"
"736","CD14.1091","MAP3K1","ASNN_vs_ASPP","CD14","HIV+AS+"
"739","CD14.1096","CD36","ASNN_vs_ASPP","CD14","HIV+AS+"
"741","CD14.1099","TMTC1","ASNN_vs_ASPP","CD14","HIV+AS+"
"743","CD14.1101","PLAC8","ASNN_vs_ASPP","CD14","HIV+AS+"
"747","CD14.1105","CLIC1","ASNN_vs_ASPP","CD14","HIV+AS+"
"749","CD14.1107","COTL1","ASNN_vs_ASPP","CD14","HIV+AS+"
"750","CD14.1109","ADGRE5","ASNN_vs_ASPP","CD14","HIV+AS+"
"755","CD14.1116","XAF1","ASNN_vs_ASPP","CD14","HIV+AS+"
"757","CD14.1118","EGR1","ASNN_vs_ASPP","CD14","HIV+AS+"
"762","CD14.1124","PSAP","ASNN_vs_ASPP","CD14","HIV+AS+"
"767","CD14.1132","CXCL10","ASNN_vs_ASPP","CD14","HIV+AS+"
"778","CD14.1147","SP110","ASNN_vs_ASPP","CD14","HIV+AS+"
"780","CD14.1150","SAMD9L","ASNN_vs_ASPP","CD14","HIV+AS+"
"783","CD14.1153","MX2","ASNN_vs_ASPP","CD14","HIV+AS+"
"786","CD14.1156","DDX60L","ASNN_vs_ASPP","CD14","HIV+AS+"
"787","CD14.1158","CALHM6","ASNN_vs_ASPP","CD14","HIV+AS+"
"789","CD14.1166","TNFAIP2","ASNN_vs_ASPP","CD14","HIV+AS+"
"790","CD14.1167","IFIH1","ASNN_vs_ASPP","CD14","HIV+AS+"
"792","CD14.1169","CD74","ASNN_vs_ASPP","CD14","HIV+AS+"
"793","CD14.1171","LSP1","ASNN_vs_ASPP","CD14","HIV+AS+"
"797","CD14.1177","HERC5","ASNN_vs_ASPP","CD14","HIV+AS+"
"803","CD14.1183","PFDN5","ASNN_vs_ASPP","CD14","HIV+AS+"
"805","CD14.1185","EIF1","ASNN_vs_ASPP","CD14","HIV+AS+"
"806","CD14.1186","CROCC","ASNN_vs_ASPP","CD14","HIV+AS+"
"818","CD14.1203","CD14","ASNN_vs_ASPP","CD14","HIV+AS+"
"826","CD14.1214","OAS3","ASNN_vs_ASPP","CD14","HIV+AS+"
"827","CD14.1215","CLEC7A","ASNN_vs_ASPP","CD14","HIV+AS+"
"831","CD14.1219","MYO1F","ASNN_vs_ASPP","CD14","HIV+AS+"
"835","CD14.1227","SMIM25","ASNN_vs_ASPP","CD14","HIV+AS+"
"836","CD14.1229","ADK","ASNN_vs_ASPP","CD14","HIV+AS+"
"841","CD14.1236","SAMD4A","ASNN_vs_ASPP","CD14","HIV+AS+"
"843","CD14.1238","SLC8A1","ASNN_vs_ASPP","CD14","HIV+AS+"
"848","CD14.1250","FCGR3A","ASNN_vs_ASPP","CD14","HIV+AS+"
"849","CD14.1252","DDX58","ASNN_vs_ASPP","CD14","HIV+AS+"
"857","CD14.1262","CSTB","ASNN_vs_ASPP","CD14","HIV+AS+"
"859","CD14.1267","CST3","ASNN_vs_ASPP","CD14","HIV+AS+"
"863","CD14.1274","IFITM2","ASNN_vs_ASPP","CD14","HIV+AS+"
"867","CD14.1280","HDAC9","ASNN_vs_ASPP","CD14","HIV+AS+"
"868","CD14.1281","TSPO","ASNN_vs_ASPP","CD14","HIV+AS+"
"877","CD14.1293","CALM2","ASNN_vs_ASPP","CD14","HIV+AS+"
"881","CD14.1302","TCF7L2","ASNN_vs_ASPP","CD14","HIV+AS+"
"884","CD14.1306","SAMHD1","ASNN_vs_ASPP","CD14","HIV+AS+"
"887","CD14.1313","S100A12","ASNN_vs_ASPP","CD14","HIV+AS+"
"888","CD14.1314","FTL","ASNN_vs_ASPP","CD14","HIV+AS+"
"897","CD14.1336","OAS1","ASNN_vs_ASPP","CD14","HIV+AS+"
"906","CD14.1349","PARP8","ASNN_vs_ASPP","CD14","HIV+AS+"
"907","CD14.1351","FAU","ASNN_vs_ASPP","CD14","HIV+AS+"
"908","CD14.1352","CD86","ASNN_vs_ASPP","CD14","HIV+AS+"
"911","CD14.1361","IFIT1","ASNN_vs_ASPP","CD14","HIV+AS+"
"919","CD14.1380","PLSCR1","ASNN_vs_ASPP","CD14","HIV+AS+"
"921","CD14.1387","LGALS1","ASNN_vs_ASPP","CD14","HIV+AS+"
"922","CD14.1390","HES4","ASNN_vs_ASPP","CD14","HIV+AS+"
"926","CD14.1399","AMD1","ASNN_vs_ASPP","CD14","HIV+AS+"
"927","CD14.1404","ISG20","ASNN_vs_ASPP","CD14","HIV+AS+"
"928","CD14.1407","CCL5","ASNN_vs_ASPP","CD14","HIV+AS+"
"931","CD14.1417","AP1S2","ASNN_vs_ASPP","CD14","HIV+AS+"
"932","CD14.1419","SULF2","ASNN_vs_ASPP","CD14","HIV+AS+"
"933","CD14.1420","RSAD2","ASNN_vs_ASPP","CD14","HIV+AS+"
"935","CD14.1428","BACH1","ASNN_vs_ASPP","CD14","HIV+AS+"
"936","CD14.1430","ATM","ASNN_vs_ASPP","CD14","HIV+AS+"
"938","CD14-active.1","IFI44L","ASNN_vs_ASNP","CD14-active","HIV+AS-"
"939","CD14-active.2","LYN","ASNN_vs_ASNP","CD14-active","HIV+AS-"
"940","CD14-active.3","EPSTI1","ASNN_vs_ASNP","CD14-active","HIV+AS-"
"941","CD14-active.4","ADGRE5","ASNN_vs_ASNP","CD14-active","HIV+AS-"
"942","CD14-active.5","PARP14","ASNN_vs_ASNP","CD14-active","HIV+AS-"
"943","CD14-active.6","WARS","ASNN_vs_ASNP","CD14-active","HIV+AS-"
"944","CD14-active.7","SPI1","ASNN_vs_ASNP","CD14-active","HIV+AS-"
"945","CD14-active.8","TNFSF10","ASNN_vs_ASNP","CD14-active","HIV+AS-"
"946","CD14-active.9","CLEC7A","ASNN_vs_ASNP","CD14-active","HIV+AS-"
"947","CD14-active.10","RSAD2","ASNN_vs_ASNP","CD14-active","HIV+AS-"
"948","CD14-active.11","IFI44","ASNN_vs_ASNP","CD14-active","HIV+AS-"
"949","CD14-active.12","TMSB4X","ASNN_vs_ASNP","CD14-active","HIV+AS-"
"952","CD14-active.15","S100A8","ASNN_vs_ASNP","CD14-active","HIV+AS-"
"953","CD14-active.16","STAT1","ASNN_vs_ASNP","CD14-active","HIV+AS-"
"954","CD14-active.17","TMSB10","ASNN_vs_ASNP","CD14-active","HIV+AS-"
"955","CD14-active.18","TYMP","ASNN_vs_ASNP","CD14-active","HIV+AS-"
"956","CD14-active.19","IFIT3","ASNN_vs_ASNP","CD14-active","HIV+AS-"
"957","CD14-active.20","S100A9","ASNN_vs_ASNP","CD14-active","HIV+AS-"
"958","CD14-active.21","MALAT1","ASNN_vs_ASNP","CD14-active","HIV+AS-"
"959","CD14-active.22","DDX60L","ASNN_vs_ASNP","CD14-active","HIV+AS-"
"960","CD14-active.23","ISG15","ASNN_vs_ASNP","CD14-active","HIV+AS-"
"961","CD14-active.24","TCF7L2","ASNN_vs_ASNP","CD14-active","HIV+AS-"
"962","CD14-active.25","IFITM3","ASNN_vs_ASNP","CD14-active","HIV+AS-"
"963","CD14-active.26","LY6E","ASNN_vs_ASNP","CD14-active","HIV+AS-"
"964","CD14-active.27","RAB11FIP1","ASNN_vs_ASNP","CD14-active","HIV+AS-"
"967","CD14-active.30","HERC5","ASNN_vs_ASNP","CD14-active","HIV+AS-"
"969","CD14-active.32","FTL","ASNN_vs_ASNP","CD14-active","HIV+AS-"
"970","CD14-active.34","GBP5","ASNN_vs_ASNP","CD14-active","HIV+AS-"
"971","CD14-active.37","IFIT1","ASNN_vs_ASNP","CD14-active","HIV+AS-"
"974","CD14-active.40","RNF213","ASNN_vs_ASNP","CD14-active","HIV+AS-"
"975","CD14-active.41","SAMD9L","ASNN_vs_ASNP","CD14-active","HIV+AS-"
"978","CD14-active.45","PLAC8","ASNN_vs_ASNP","CD14-active","HIV+AS-"
"979","CD14-active.46","MX1","ASNN_vs_ASNP","CD14-active","HIV+AS-"
"981","CD14-active.48","CD83","ASNN_vs_ASNP","CD14-active","HIV+AS-"
"984","CD14-active.51","XAF1","ASNN_vs_ASNP","CD14-active","HIV+AS-"
"988","CD14-active.55","TNFAIP2","ASNN_vs_ASNP","CD14-active","HIV+AS-"
"991","CD14-active.59","BACH1","ASNN_vs_ASNP","CD14-active","HIV+AS-"
"993","CD14-active.61","FOSB","ASNN_vs_ASNP","CD14-active","HIV+AS-"
"994","CD14-active.62","OAS3","ASNN_vs_ASNP","CD14-active","HIV+AS-"
"996","CD14-active.64","IFI6","ASNN_vs_ASNP","CD14-active","HIV+AS-"
"1000","CD14-active.68","IFIT2","ASNN_vs_ASNP","CD14-active","HIV+AS-"
"1002","CD14-active.70","DDX58","ASNN_vs_ASNP","CD14-active","HIV+AS-"
"1006","CD14-active.76","GNLY","ASNN_vs_ASNP","CD14-active","HIV+AS-"
"1015","CD14-active.90","SAMHD1","ASNN_vs_ASNP","CD14-active","HIV+AS-"
"1017","CD14-active.96","CST3","ASNN_vs_ASNP","CD14-active","HIV+AS-"
"1021","CD14-active.103","IFIH1","ASNN_vs_ASNP","CD14-active","HIV+AS-"
"1022","CD14-active.110","CCNL1","ASNN_vs_ASNP","CD14-active","HIV+AS-"
"1023","CD14-active.111","MYO9B","ASNN_vs_ASNP","CD14-active","HIV+AS-"
"1026","CD14-active.114","CLEC7A","ASNN_vs_ASPN","CD14-active","HIV-AS+"
"1027","CD14-active.115","SRGN","ASNN_vs_ASPN","CD14-active","HIV-AS+"
"1028","CD14-active.116","MYO1F","ASNN_vs_ASPN","CD14-active","HIV-AS+"
"1029","CD14-active.117","HDAC9","ASNN_vs_ASPN","CD14-active","HIV-AS+"
"1030","CD14-active.118","SAMHD1","ASNN_vs_ASPN","CD14-active","HIV-AS+"
"1031","CD14-active.119","RILPL2","ASNN_vs_ASPN","CD14-active","HIV-AS+"
"1032","CD14-active.120","LYN","ASNN_vs_ASPN","CD14-active","HIV-AS+"
"1033","CD14-active.121","MYO9B","ASNN_vs_ASPN","CD14-active","HIV-AS+"
"1034","CD14-active.122","RAB11FIP1","ASNN_vs_ASPN","CD14-active","HIV-AS+"
"1035","CD14-active.123","CD86","ASNN_vs_ASPN","CD14-active","HIV-AS+"
"1038","CD14-active.126","AOAH","ASNN_vs_ASPN","CD14-active","HIV-AS+"
"1039","CD14-active.127","CD36","ASNN_vs_ASPN","CD14-active","HIV-AS+"
"1040","CD14-active.128","LYZ","ASNN_vs_ASPN","CD14-active","HIV-AS+"
"1041","CD14-active.129","TMSB10","ASNN_vs_ASPN","CD14-active","HIV-AS+"
"1042","CD14-active.130","RBM47","ASNN_vs_ASPN","CD14-active","HIV-AS+"
"1043","CD14-active.131","DENND1A","ASNN_vs_ASPN","CD14-active","HIV-AS+"
"1044","CD14-active.133","FCN1","ASNN_vs_ASPN","CD14-active","HIV-AS+"
"1045","CD14-active.134","CCDC200","ASNN_vs_ASPN","CD14-active","HIV-AS+"
"1047","CD14-active.136","PDE4D","ASNN_vs_ASPN","CD14-active","HIV-AS+"
"1048","CD14-active.137","ID2","ASNN_vs_ASPN","CD14-active","HIV-AS+"
"1049","CD14-active.138","CD83","ASNN_vs_ASPN","CD14-active","HIV-AS+"
"1051","CD14-active.140","SPI1","ASNN_vs_ASPN","CD14-active","HIV-AS+"
"1052","CD14-active.141","LRMDA","ASNN_vs_ASPN","CD14-active","HIV-AS+"
"1054","CD14-active.144","ZSWIM6","ASNN_vs_ASPN","CD14-active","HIV-AS+"
"1055","CD14-active.145","QKI","ASNN_vs_ASPN","CD14-active","HIV-AS+"
"1056","CD14-active.146","ZEB2","ASNN_vs_ASPN","CD14-active","HIV-AS+"
"1057","CD14-active.147","MAP3K1","ASNN_vs_ASPN","CD14-active","HIV-AS+"
"1058","CD14-active.148","GPCPD1","ASNN_vs_ASPN","CD14-active","HIV-AS+"
"1064","CD14-active.154","SLC2A3","ASNN_vs_ASPN","CD14-active","HIV-AS+"
"1066","CD14-active.156","SNX29","ASNN_vs_ASPN","CD14-active","HIV-AS+"
"1067","CD14-active.157","LILRB2","ASNN_vs_ASPN","CD14-active","HIV-AS+"
"1070","CD14-active.160","S100A9","ASNN_vs_ASPN","CD14-active","HIV-AS+"
"1071","CD14-active.161","CTSS","ASNN_vs_ASPN","CD14-active","HIV-AS+"
"1073","CD14-active.163","COTL1","ASNN_vs_ASPN","CD14-active","HIV-AS+"
"1078","CD14-active.168","FOS","ASNN_vs_ASPN","CD14-active","HIV-AS+"
"1079","CD14-active.169","SIK3","ASNN_vs_ASPN","CD14-active","HIV-AS+"
"1082","CD14-active.173","S100A6","ASNN_vs_ASPN","CD14-active","HIV-AS+"
"1086","CD14-active.177","ATP2B1","ASNN_vs_ASPN","CD14-active","HIV-AS+"
"1088","CD14-active.181","BACH1","ASNN_vs_ASPN","CD14-active","HIV-AS+"
"1093","CD14-active.186","TYMP","ASNN_vs_ASPN","CD14-active","HIV-AS+"
"1096","CD14-active.189","S100A8","ASNN_vs_ASPN","CD14-active","HIV-AS+"
"1098","CD14-active.191","RGS2","ASNN_vs_ASPN","CD14-active","HIV-AS+"
"1101","CD14-active.194","JAK2","ASNN_vs_ASPN","CD14-active","HIV-AS+"
"1103","CD14-active.196","TEX14","ASNN_vs_ASPN","CD14-active","HIV-AS+"
"1105","CD14-active.198","ABHD5","ASNN_vs_ASPN","CD14-active","HIV-AS+"
"1106","CD14-active.199","NAMPT","ASNN_vs_ASPN","CD14-active","HIV-AS+"
"1107","CD14-active.200","EGR1","ASNN_vs_ASPN","CD14-active","HIV-AS+"
"1108","CD14-active.201","CD74","ASNN_vs_ASPN","CD14-active","HIV-AS+"
"1116","CD14-active.209","RETN","ASNN_vs_ASPN","CD14-active","HIV-AS+"
"1122","CD14-active.215","TMSB4X","ASNN_vs_ASPN","CD14-active","HIV-AS+"
"1127","CD14-active.220","C9orf72","ASNN_vs_ASPN","CD14-active","HIV-AS+"
"1128","CD14-active.222","VCAN","ASNN_vs_ASPN","CD14-active","HIV-AS+"
"1131","CD14-active.226","WARS","ASNN_vs_ASPN","CD14-active","HIV-AS+"
"1140","CD14-active.236","PARP14","ASNN_vs_ASPN","CD14-active","HIV-AS+"
"1143","CD14-active.240","CST3","ASNN_vs_ASPN","CD14-active","HIV-AS+"
"1145","CD14-active.242","SULF2","ASNN_vs_ASPN","CD14-active","HIV-AS+"
"1152","CD14-active.249","TCF7L2","ASNN_vs_ASPN","CD14-active","HIV-AS+"
"1158","CD14-active.255","S100A4","ASNN_vs_ASPN","CD14-active","HIV-AS+"
"1170","CD14-active.269","IFI30","ASNN_vs_ASPN","CD14-active","HIV-AS+"
"1180","CD14-active.283","LYN","ASNN_vs_ASPP","CD14-active","HIV+AS+"
"1181","CD14-active.284","EPSTI1","ASNN_vs_ASPP","CD14-active","HIV+AS+"
"1182","CD14-active.285","IFI44L","ASNN_vs_ASPP","CD14-active","HIV+AS+"
"1183","CD14-active.286","CTSS","ASNN_vs_ASPP","CD14-active","HIV+AS+"
"1184","CD14-active.287","TMSB4X","ASNN_vs_ASPP","CD14-active","HIV+AS+"
"1185","CD14-active.288","PARP14","ASNN_vs_ASPP","CD14-active","HIV+AS+"
"1186","CD14-active.289","ZEB2","ASNN_vs_ASPP","CD14-active","HIV+AS+"
"1187","CD14-active.290","CCNL1","ASNN_vs_ASPP","CD14-active","HIV+AS+"
"1188","CD14-active.291","S100A8","ASNN_vs_ASPP","CD14-active","HIV+AS+"
"1189","CD14-active.292","S100A9","ASNN_vs_ASPP","CD14-active","HIV+AS+"
"1191","CD14-active.294","ADK","ASNN_vs_ASPP","CD14-active","HIV+AS+"
"1192","CD14-active.296","DDX3Y","ASNN_vs_ASPP","CD14-active","HIV+AS+"
"1193","CD14-active.297","PTPRC","ASNN_vs_ASPP","CD14-active","HIV+AS+"
"1195","CD14-active.299","SAMHD1","ASNN_vs_ASPP","CD14-active","HIV+AS+"
"1197","CD14-active.301","AOAH","ASNN_vs_ASPP","CD14-active","HIV+AS+"
"1199","CD14-active.304","NAMPT","ASNN_vs_ASPP","CD14-active","HIV+AS+"
"1200","CD14-active.305","TMTC1","ASNN_vs_ASPP","CD14-active","HIV+AS+"
"1201","CD14-active.307","HDAC9","ASNN_vs_ASPP","CD14-active","HIV+AS+"
"1202","CD14-active.308","PSAP","ASNN_vs_ASPP","CD14-active","HIV+AS+"
"1204","CD14-active.310","TYMP","ASNN_vs_ASPP","CD14-active","HIV+AS+"
"1208","CD14-active.314","IFI44","ASNN_vs_ASPP","CD14-active","HIV+AS+"
"1209","CD14-active.315","GBP5","ASNN_vs_ASPP","CD14-active","HIV+AS+"
"1210","CD14-active.316","TMSB10","ASNN_vs_ASPP","CD14-active","HIV+AS+"
"1211","CD14-active.317","ADGRE5","ASNN_vs_ASPP","CD14-active","HIV+AS+"
"1214","CD14-active.320","MAP3K1","ASNN_vs_ASPP","CD14-active","HIV+AS+"
"1218","CD14-active.324","XAF1","ASNN_vs_ASPP","CD14-active","HIV+AS+"
"1221","CD14-active.327","RTN1","ASNN_vs_ASPP","CD14-active","HIV+AS+"
"1222","CD14-active.328","MNDA","ASNN_vs_ASPP","CD14-active","HIV+AS+"
"1223","CD14-active.329","PARP8","ASNN_vs_ASPP","CD14-active","HIV+AS+"
"1226","CD14-active.332","CCNY","ASNN_vs_ASPP","CD14-active","HIV+AS+"
"1230","CD14-active.336","SLC8A1","ASNN_vs_ASPP","CD14-active","HIV+AS+"
"1231","CD14-active.337","NFKB1","ASNN_vs_ASPP","CD14-active","HIV+AS+"
"1234","CD14-active.341","S100A6","ASNN_vs_ASPP","CD14-active","HIV+AS+"
"1235","CD14-active.342","STAT1","ASNN_vs_ASPP","CD14-active","HIV+AS+"
"1238","CD14-active.345","WARS","ASNN_vs_ASPP","CD14-active","HIV+AS+"
"1241","CD14-active.348","TCF7L2","ASNN_vs_ASPP","CD14-active","HIV+AS+"
"1242","CD14-active.349","ATP2B1","ASNN_vs_ASPP","CD14-active","HIV+AS+"
"1244","CD14-active.351","DENND1A","ASNN_vs_ASPP","CD14-active","HIV+AS+"
"1247","CD14-active.354","DPYD","ASNN_vs_ASPP","CD14-active","HIV+AS+"
"1250","CD14-active.357","JAK2","ASNN_vs_ASPP","CD14-active","HIV+AS+"
"1261","CD14-active.368","S100A4","ASNN_vs_ASPP","CD14-active","HIV+AS+"
"1264","CD14-active.371","SAMD9L","ASNN_vs_ASPP","CD14-active","HIV+AS+"
"1266","CD14-active.373","S100A12","ASNN_vs_ASPP","CD14-active","HIV+AS+"
"1272","CD14-active.379","TNFSF10","ASNN_vs_ASPP","CD14-active","HIV+AS+"
"1273","CD14-active.380","BACH1","ASNN_vs_ASPP","CD14-active","HIV+AS+"
"1279","CD14-active.386","CD83","ASNN_vs_ASPP","CD14-active","HIV+AS+"
"1286","CD14-active.394","MX1","ASNN_vs_ASPP","CD14-active","HIV+AS+"
"1292","CD14-active.400","ISG15","ASNN_vs_ASPP","CD14-active","HIV+AS+"
"1300","CD14-active.409","LAP3","ASNN_vs_ASPP","CD14-active","HIV+AS+"
"1310","CD14-active.420","GBP1","ASNN_vs_ASPP","CD14-active","HIV+AS+"
"1316","CD14-active.426","CD44","ASNN_vs_ASPP","CD14-active","HIV+AS+"
"1325","CD14-active.436","CD36","ASNN_vs_ASPP","CD14-active","HIV+AS+"
"1329","CD14-active.443","CD14","ASNN_vs_ASPP","CD14-active","HIV+AS+"
"1335","CD14-active.450","SP110","ASNN_vs_ASPP","CD14-active","HIV+AS+"
"1341","CD14-active.457","NFKBIA","ASNN_vs_ASPP","CD14-active","HIV+AS+"
"1350","CD14-active.467","MCTP2","ASNN_vs_ASPP","CD14-active","HIV+AS+"
"1360","CD14-active.481","RNF213","ASNN_vs_ASPP","CD14-active","HIV+AS+"
"1362","CD14-active.483","FGL2","ASNN_vs_ASPP","CD14-active","HIV+AS+"
"1367","CD14-active.489","COTL1","ASNN_vs_ASPP","CD14-active","HIV+AS+"
"1374","CD14-active.497","FOSB","ASNN_vs_ASPP","CD14-active","HIV+AS+"
"1378","CD14-active.501","EEF1A1","ASNN_vs_ASPP","CD14-active","HIV+AS+"
"1379","CD14-active.502","TPT1","ASNN_vs_ASPP","CD14-active","HIV+AS+"
"1383","CD14-active.509","VIM","ASNN_vs_ASPP","CD14-active","HIV+AS+"
"1394","CD14-active.520","LYZ","ASNN_vs_ASPP","CD14-active","HIV+AS+"
"1395","CD14-active.521","CEMIP2","ASNN_vs_ASPP","CD14-active","HIV+AS+"
"1397","CD14-active.524","SRGN","ASNN_vs_ASPP","CD14-active","HIV+AS+"
"1398","CD14-active.525","IL3RA","ASNN_vs_ASPP","CD14-active","HIV+AS+"
"1403","CD14-active.534","FTL","ASNN_vs_ASPP","CD14-active","HIV+AS+"
"1440","CD14-active.584","SAMD4A","ASNN_vs_ASPP","CD14-active","HIV+AS+"
"1442","CD14-active.586","PLXDC2","ASNN_vs_ASPP","CD14-active","HIV+AS+"
"1452","CD14-active.598","LRMDA","ASNN_vs_ASPP","CD14-active","HIV+AS+"
"1453","CD14-active.599","S100A11","ASNN_vs_ASPP","CD14-active","HIV+AS+"
"1457","CD14-active.604","PDE4D","ASNN_vs_ASPP","CD14-active","HIV+AS+"
"1460","CD14-active.607","PLAC8","ASNN_vs_ASPP","CD14-active","HIV+AS+"
"1465","CD16.1","TYMP","ASNN_vs_ASNP","CD16","HIV+AS-"
"1466","CD16.2","IFI6","ASNN_vs_ASNP","CD16","HIV+AS-"
"1467","CD16.3","SPI1","ASNN_vs_ASNP","CD16","HIV+AS-"
"1468","CD16.4","EPSTI1","ASNN_vs_ASNP","CD16","HIV+AS-"
"1469","CD16.5","LY6E","ASNN_vs_ASNP","CD16","HIV+AS-"
"1470","CD16.6","TNFSF10","ASNN_vs_ASNP","CD16","HIV+AS-"
"1472","CD16.8","IFITM3","ASNN_vs_ASNP","CD16","HIV+AS-"
"1473","CD16.9","WARS","ASNN_vs_ASNP","CD16","HIV+AS-"
"1474","CD16.10","IFI44L","ASNN_vs_ASNP","CD16","HIV+AS-"
"1475","CD16.11","IFI30","ASNN_vs_ASNP","CD16","HIV+AS-"
"1476","CD16.12","ISG15","ASNN_vs_ASNP","CD16","HIV+AS-"
"1477","CD16.13","TMSB10","ASNN_vs_ASNP","CD16","HIV+AS-"
"1478","CD16.14","IFIT3","ASNN_vs_ASNP","CD16","HIV+AS-"
"1479","CD16.15","IFIT1","ASNN_vs_ASNP","CD16","HIV+AS-"
"1480","CD16.16","IFIT2","ASNN_vs_ASNP","CD16","HIV+AS-"
"1481","CD16.17","RSAD2","ASNN_vs_ASNP","CD16","HIV+AS-"
"1482","CD16.18","PARP14","ASNN_vs_ASNP","CD16","HIV+AS-"
"1483","CD16.19","MX1","ASNN_vs_ASNP","CD16","HIV+AS-"
"1484","CD16.20","PLAC8","ASNN_vs_ASNP","CD16","HIV+AS-"
"1485","CD16.21","APOBEC3A","ASNN_vs_ASNP","CD16","HIV+AS-"
"1486","CD16.22","PLSCR1","ASNN_vs_ASNP","CD16","HIV+AS-"
"1487","CD16.23","GBP1","ASNN_vs_ASNP","CD16","HIV+AS-"
"1489","CD16.25","XAF1","ASNN_vs_ASNP","CD16","HIV+AS-"
"1490","CD16.26","LYN","ASNN_vs_ASNP","CD16","HIV+AS-"
"1491","CD16.27","HERC5","ASNN_vs_ASNP","CD16","HIV+AS-"
"1492","CD16.28","SLC8A1","ASNN_vs_ASNP","CD16","HIV+AS-"
"1493","CD16.29","IFITM1","ASNN_vs_ASNP","CD16","HIV+AS-"
"1494","CD16.30","MX2","ASNN_vs_ASNP","CD16","HIV+AS-"
"1495","CD16.32","BACH1","ASNN_vs_ASNP","CD16","HIV+AS-"
"1496","CD16.33","CXCL10","ASNN_vs_ASNP","CD16","HIV+AS-"
"1499","CD16.36","JAK2","ASNN_vs_ASNP","CD16","HIV+AS-"
"1500","CD16.37","ISG20","ASNN_vs_ASNP","CD16","HIV+AS-"
"1501","CD16.38","MS4A4A","ASNN_vs_ASNP","CD16","HIV+AS-"
"1502","CD16.39","OAS1","ASNN_vs_ASNP","CD16","HIV+AS-"
"1505","CD16.43","SAMD9L","ASNN_vs_ASNP","CD16","HIV+AS-"
"1506","CD16.44","CD83","ASNN_vs_ASNP","CD16","HIV+AS-"
"1507","CD16.45","HES4","ASNN_vs_ASNP","CD16","HIV+AS-"
"1508","CD16.46","CTSL","ASNN_vs_ASNP","CD16","HIV+AS-"
"1509","CD16.47","DDX60L","ASNN_vs_ASNP","CD16","HIV+AS-"
"1510","CD16.48","MNDA","ASNN_vs_ASNP","CD16","HIV+AS-"
"1511","CD16.49","STXBP2","ASNN_vs_ASNP","CD16","HIV+AS-"
"1512","CD16.50","TNFSF13B","ASNN_vs_ASNP","CD16","HIV+AS-"
"1514","CD16.52","OASL","ASNN_vs_ASNP","CD16","HIV+AS-"
"1515","CD16.53","RNF213","ASNN_vs_ASNP","CD16","HIV+AS-"
"1516","CD16.54","IFI44","ASNN_vs_ASNP","CD16","HIV+AS-"
"1519","CD16.57","SAMD4A","ASNN_vs_ASNP","CD16","HIV+AS-"
"1526","CD16.64","SP110","ASNN_vs_ASNP","CD16","HIV+AS-"
"1527","CD16.67","STAT1","ASNN_vs_ASNP","CD16","HIV+AS-"
"1528","CD16.68","CD74","ASNN_vs_ASNP","CD16","HIV+AS-"
"1529","CD16.69","DDX58","ASNN_vs_ASNP","CD16","HIV+AS-"
"1532","CD16.72","PSMB9","ASNN_vs_ASNP","CD16","HIV+AS-"
"1534","CD16.74","LRRC25","ASNN_vs_ASNP","CD16","HIV+AS-"
"1535","CD16.75","AIF1","ASNN_vs_ASNP","CD16","HIV+AS-"
"1536","CD16.76","OAS3","ASNN_vs_ASNP","CD16","HIV+AS-"
"1541","CD16.81","IFIH1","ASNN_vs_ASNP","CD16","HIV+AS-"
"1543","CD16.83","CASP1","ASNN_vs_ASNP","CD16","HIV+AS-"
"1545","CD16.85","GBP5","ASNN_vs_ASNP","CD16","HIV+AS-"
"1551","CD16.91","CST3","ASNN_vs_ASNP","CD16","HIV+AS-"
"1556","CD16.98","LAP3","ASNN_vs_ASNP","CD16","HIV+AS-"
"1559","CD16.101","TCF7L2","ASNN_vs_ASNP","CD16","HIV+AS-"
"1561","CD16.104","PDE4B","ASNN_vs_ASNP","CD16","HIV+AS-"
"1564","CD16.109","LYZ","ASNN_vs_ASNP","CD16","HIV+AS-"
"1570","CD16.116","C3AR1","ASNN_vs_ASNP","CD16","HIV+AS-"
"1571","CD16.117","CFD","ASNN_vs_ASNP","CD16","HIV+AS-"
"1572","CD16.118","S100A11","ASNN_vs_ASNP","CD16","HIV+AS-"
"1574","CD16.120","CLEC7A","ASNN_vs_ASNP","CD16","HIV+AS-"
"1580","CD16.127","MAP3K1","ASNN_vs_ASNP","CD16","HIV+AS-"
"1585","CD16.132","ZSWIM6","ASNN_vs_ASNP","CD16","HIV+AS-"
"1587","CD16.134","ADK","ASNN_vs_ASNP","CD16","HIV+AS-"
"1588","CD16.135","RETN","ASNN_vs_ASNP","CD16","HIV+AS-"
"1595","CD16.142","TYROBP","ASNN_vs_ASNP","CD16","HIV+AS-"
"1596","CD16.143","NEAT1","ASNN_vs_ASNP","CD16","HIV+AS-"
"1605","CD16.156","RBM47","ASNN_vs_ASNP","CD16","HIV+AS-"
"1607","CD16.159","TEX14","ASNN_vs_ASNP","CD16","HIV+AS-"
"1613","CD16.167","PLXDC2","ASNN_vs_ASNP","CD16","HIV+AS-"
"1614","CD16.168","COTL1","ASNN_vs_ASNP","CD16","HIV+AS-"
"1615","CD16.170","DENND1A","ASNN_vs_ASNP","CD16","HIV+AS-"
"1630","CD16.189","AP1S2","ASNN_vs_ASNP","CD16","HIV+AS-"
"1638","CD16.199","LILRB2","ASNN_vs_ASNP","CD16","HIV+AS-"
"1641","CD16.203","LRMDA","ASNN_vs_ASNP","CD16","HIV+AS-"
"1642","CD16.205","H3F3B","ASNN_vs_ASNP","CD16","HIV+AS-"
"1651","CD16.215","TMTC1","ASNN_vs_ASNP","CD16","HIV+AS-"
"1654","CD16.218","ADGRE5","ASNN_vs_ASNP","CD16","HIV+AS-"
"1659","CD16.224","SPI1","ASNN_vs_ASPN","CD16","HIV-AS+"
"1660","CD16.225","COTL1","ASNN_vs_ASPN","CD16","HIV-AS+"
"1662","CD16.228","LYN","ASNN_vs_ASPN","CD16","HIV-AS+"
"1663","CD16.229","CD86","ASNN_vs_ASPN","CD16","HIV-AS+"
"1665","CD16.231","MAP3K1","ASNN_vs_ASPN","CD16","HIV-AS+"
"1666","CD16.232","CD83","ASNN_vs_ASPN","CD16","HIV-AS+"
"1667","CD16.233","TYMP","ASNN_vs_ASPN","CD16","HIV-AS+"
"1668","CD16.234","MYO1F","ASNN_vs_ASPN","CD16","HIV-AS+"
"1670","CD16.236","MALAT1","ASNN_vs_ASPN","CD16","HIV-AS+"
"1671","CD16.238","IFI30","ASNN_vs_ASPN","CD16","HIV-AS+"
"1672","CD16.239","MYO9B","ASNN_vs_ASPN","CD16","HIV-AS+"
"1673","CD16.240","SLC8A1","ASNN_vs_ASPN","CD16","HIV-AS+"
"1675","CD16.242","PSAP","ASNN_vs_ASPN","CD16","HIV-AS+"
"1676","CD16.243","CLEC7A","ASNN_vs_ASPN","CD16","HIV-AS+"
"1677","CD16.244","WARS","ASNN_vs_ASPN","CD16","HIV-AS+"
"1678","CD16.245","CD74","ASNN_vs_ASPN","CD16","HIV-AS+"
"1681","CD16.248","LRMDA","ASNN_vs_ASPN","CD16","HIV-AS+"
"1683","CD16.250","FCN1","ASNN_vs_ASPN","CD16","HIV-AS+"
"1685","CD16.252","BACH1","ASNN_vs_ASPN","CD16","HIV-AS+"
"1686","CD16.253","NEAT1","ASNN_vs_ASPN","CD16","HIV-AS+"
"1690","CD16.257","LSP1","ASNN_vs_ASPN","CD16","HIV-AS+"
"1691","CD16.258","LRRC25","ASNN_vs_ASPN","CD16","HIV-AS+"
"1700","CD16.269","STXBP2","ASNN_vs_ASPN","CD16","HIV-AS+"
"1703","CD16.272","RILPL2","ASNN_vs_ASPN","CD16","HIV-AS+"
"1704","CD16.273","SAMHD1","ASNN_vs_ASPN","CD16","HIV-AS+"
"1709","CD16.278","ZSWIM6","ASNN_vs_ASPN","CD16","HIV-AS+"
"1710","CD16.279","C9orf72","ASNN_vs_ASPN","CD16","HIV-AS+"
"1713","CD16.283","TEX14","ASNN_vs_ASPN","CD16","HIV-AS+"
"1717","CD16.287","RETN","ASNN_vs_ASPN","CD16","HIV-AS+"
"1718","CD16.288","TCF7L2","ASNN_vs_ASPN","CD16","HIV-AS+"
"1721","CD16.291","LYZ","ASNN_vs_ASPN","CD16","HIV-AS+"
"1722","CD16.292","QKI","ASNN_vs_ASPN","CD16","HIV-AS+"
"1730","CD16.301","NAMPT","ASNN_vs_ASPN","CD16","HIV-AS+"
"1734","CD16.306","RGS2","ASNN_vs_ASPN","CD16","HIV-AS+"
"1739","CD16.312","DENND1A","ASNN_vs_ASPN","CD16","HIV-AS+"
"1740","CD16.313","ABHD5","ASNN_vs_ASPN","CD16","HIV-AS+"
"1744","CD16.318","TYMP","ASNN_vs_ASPP","CD16","HIV+AS+"
"1745","CD16.320","STXBP2","ASNN_vs_ASPP","CD16","HIV+AS+"
"1748","CD16.323","LSP1","ASNN_vs_ASPP","CD16","HIV+AS+"
"1750","CD16.325","TMSB10","ASNN_vs_ASPP","CD16","HIV+AS+"
"1751","CD16.326","LYN","ASNN_vs_ASPP","CD16","HIV+AS+"
"1754","CD16.329","SPI1","ASNN_vs_ASPP","CD16","HIV+AS+"
"1755","CD16.330","IL3RA","ASNN_vs_ASPP","CD16","HIV+AS+"
"1756","CD16.331","CSTB","ASNN_vs_ASPP","CD16","HIV+AS+"
"1759","CD16.334","S100A4","ASNN_vs_ASPP","CD16","HIV+AS+"
"1760","CD16.335","PLAC8","ASNN_vs_ASPP","CD16","HIV+AS+"
"1761","CD16.336","LRRC25","ASNN_vs_ASPP","CD16","HIV+AS+"
"1762","CD16.337","ITGB2","ASNN_vs_ASPP","CD16","HIV+AS+"
"1763","CD16.338","CD83","ASNN_vs_ASPP","CD16","HIV+AS+"
"1764","CD16.339","MALAT1","ASNN_vs_ASPP","CD16","HIV+AS+"
"1767","CD16.342","TEX14","ASNN_vs_ASPP","CD16","HIV+AS+"
"1768","CD16.345","HES4","ASNN_vs_ASPP","CD16","HIV+AS+"
"1770","CD16.347","CLEC7A","ASNN_vs_ASPP","CD16","HIV+AS+"
"1771","CD16.351","EPSTI1","ASNN_vs_ASPP","CD16","HIV+AS+"
"1772","CD16.352","ADK","ASNN_vs_ASPP","CD16","HIV+AS+"
"1773","CD16.353","C9orf72","ASNN_vs_ASPP","CD16","HIV+AS+"
"1775","CD16.355","IFI6","ASNN_vs_ASPP","CD16","HIV+AS+"
"1777","CD16.358","COTL1","ASNN_vs_ASPP","CD16","HIV+AS+"
"1782","CD16.363","PARP14","ASNN_vs_ASPP","CD16","HIV+AS+"
"1783","CD16.365","GBP5","ASNN_vs_ASPP","CD16","HIV+AS+"
"1785","CD16.367","LY6E","ASNN_vs_ASPP","CD16","HIV+AS+"
"1787","CD16.369","PSAP","ASNN_vs_ASPP","CD16","HIV+AS+"
"1788","PMC.1","ISG15","ASNN_vs_ASNP","PMC","HIV+AS-"
"1789","PMC.4","IFIT1","ASNN_vs_ASNP","PMC","HIV+AS-"
"1790","PMC.5","IFITM3","ASNN_vs_ASNP","PMC","HIV+AS-"
"1791","PMC.6","MALAT1","ASNN_vs_ASNP","PMC","HIV+AS-"
"1792","PMC.7","S100A8","ASNN_vs_ASNP","PMC","HIV+AS-"
"1793","PMC.8","NKG7","ASNN_vs_ASNP","PMC","HIV+AS-"
"1794","PMC.9","S100A9","ASNN_vs_ASNP","PMC","HIV+AS-"
"1795","PMC.10","GNLY","ASNN_vs_ASNP","PMC","HIV+AS-"
"1796","PMC.11","LY6E","ASNN_vs_ASNP","PMC","HIV+AS-"
"1797","PMC.12","IL32","ASNN_vs_ASNP","PMC","HIV+AS-"
"1798","PMC.13","IFIT3","ASNN_vs_ASNP","PMC","HIV+AS-"
"1799","PMC.14","RSAD2","ASNN_vs_ASNP","PMC","HIV+AS-"
"1800","PMC.17","TNFSF10","ASNN_vs_ASNP","PMC","HIV+AS-"
"1801","PMC.18","CXCL10","ASNN_vs_ASNP","PMC","HIV+AS-"
"1802","PMC.20","ISG20","ASNN_vs_ASNP","PMC","HIV+AS-"
"1803","PMC.21","GZMH","ASNN_vs_ASNP","PMC","HIV+AS-"
"1804","PMC.23","IFIT2","ASNN_vs_ASNP","PMC","HIV+AS-"
"1805","PMC.27","IFI6","ASNN_vs_ASNP","PMC","HIV+AS-"
"1806","PMC.28","HBA2","ASNN_vs_ASNP","PMC","HIV+AS-"
"1808","PMC.30","MX1","ASNN_vs_ASNP","PMC","HIV+AS-"
"1809","PMC.31","CST7","ASNN_vs_ASNP","PMC","HIV+AS-"
"1811","PMC.33","IFI44L","ASNN_vs_ASNP","PMC","HIV+AS-"
"1812","PMC.34","CD2","ASNN_vs_ASNP","PMC","HIV+AS-"
"1813","PMC.35","TRDC","ASNN_vs_ASNP","PMC","HIV+AS-"
"1814","PMC.38","TMSB10","ASNN_vs_ASNP","PMC","HIV+AS-"
"1815","PMC.40","EEF1A1","ASNN_vs_ASNP","PMC","HIV+AS-"
"1816","PMC.41","CTSW","ASNN_vs_ASNP","PMC","HIV+AS-"
"1817","PMC.43","CCL5","ASNN_vs_ASNP","PMC","HIV+AS-"
"1819","PMC.45","LINC01871","ASNN_vs_ASNP","PMC","HIV+AS-"
"1820","PMC.47","TRBC1","ASNN_vs_ASNP","PMC","HIV+AS-"
"1824","PMC.51","CD3D","ASNN_vs_ASNP","PMC","HIV+AS-"
"1825","PMC.53","IFI30","ASNN_vs_ASNP","PMC","HIV+AS-"
"1826","PMC.54","S100A9","ASNN_vs_ASPN","PMC","HIV-AS+"
"1827","PMC.55","S100A8","ASNN_vs_ASPN","PMC","HIV-AS+"
"1828","PMC.57","ISG15","ASNN_vs_ASPN","PMC","HIV-AS+"
"1829","PMC.58","IFIT1","ASNN_vs_ASPN","PMC","HIV-AS+"
"1830","PMC.60","IFIT3","ASNN_vs_ASPN","PMC","HIV-AS+"
"1831","PMC.62","CXCL10","ASNN_vs_ASPN","PMC","HIV-AS+"
"1832","PMC.63","TNFSF10","ASNN_vs_ASPN","PMC","HIV-AS+"
"1833","PMC.64","TMSB10","ASNN_vs_ASPN","PMC","HIV-AS+"
"1834","PMC.65","IFIT2","ASNN_vs_ASPN","PMC","HIV-AS+"
"1835","PMC.67","ISG20","ASNN_vs_ASPN","PMC","HIV-AS+"
"1836","PMC.68","RSAD2","ASNN_vs_ASPN","PMC","HIV-AS+"
"1837","PMC.69","GNLY","ASNN_vs_ASPP","PMC","HIV+AS+"
"1838","PMC.70","S100A9","ASNN_vs_ASPP","PMC","HIV+AS+"
"1839","PMC.73","NKG7","ASNN_vs_ASPP","PMC","HIV+AS+"
"1840","PMC.79","FTL","ASNN_vs_ASPP","PMC","HIV+AS+"
"1841","PMC.81","S100A8","ASNN_vs_ASPP","PMC","HIV+AS+"
"1842","PMC.82","EEF1A1","ASNN_vs_ASPP","PMC","HIV+AS+"
"1843","PMC.87","CCL5","ASNN_vs_ASPP","PMC","HIV+AS+"
"1844","PMC.89","IL32","ASNN_vs_ASPP","PMC","HIV+AS+"
"1845","PMC.91","TMSB10","ASNN_vs_ASPP","PMC","HIV+AS+"
"1846","PMC.93","CD247","ASNN_vs_ASPP","PMC","HIV+AS+"
"1847","PMC.95","IFIT1","ASNN_vs_ASPP","PMC","HIV+AS+"
"1848","PMC.99","TPT1","ASNN_vs_ASPP","PMC","HIV+AS+"
"1850","PMC.103","FTH1","ASNN_vs_ASPP","PMC","HIV+AS+"
"1851","PMC.105","ISG15","ASNN_vs_ASPP","PMC","HIV+AS+"
